part_name,part_number,price_usd,product_url,description_html,tags,category
Samsung DB92-02874A PCB ASSEMBLY SUB,DB92-02874A,53.95,https://samsungparts.com/products/db92-02874a,"<p>This genuine Samsung DB92-02874A PCB ASSEMBLY SUB is the perfect choice for replacing your current part in your device. This original Samsung part comes with a guarantee of quality and reliability, to ensure that your device functions properly and optimally. Enhance the performance of your device with this stylish, long-lasting replacement part from Samsung. Don't settle for anything less than excellence — make sure you have the best with this Samsung original part. Enjoy lasting performance and style without compromising on quality!</p>",gmc;havingImg;subcate:Air Conditioner;types:PCB;webcat:PCB,Air Conditioner
Samsung DB95-04871B Assembly Thermistor Out-Sub Ou,DB95-04871B,101.95,https://samsungparts.com/products/db95-04871b,<p>Samsung DB95-04871B Assembly Thermistor Out-Sub Ou</p>,gmc;havingImg;subcate:Air Conditioner;types:Sensor/ Thermistor/ Thermostat;webcat:Sensor/Thermistor/Thermostat,Air Conditioner
Samsung DB92-03322A Main Pcb Assembly,DB92-03322A,211.95,https://samsungparts.com/products/db92-03322a,"<p>This Samsung DB92-03322A MAIN PCB ASSEMBLY is the perfect replacement part for your Samsung device. This genuine part with Original Part, Replacement part, Genuine Part branding is designed to last and provide reliable performance. With innovative features like long-lasting durability, premium craftsmanship and advanced technology, it ensures optimum performance. Upgrade your device today and make sure you get the best quality product!</p>",gmc;havingImg;subcate:Air Conditioner;types:PCB;webcat:PCB,Air Conditioner
"Samsung DB32-00277A Sensor Temp;103Hw,L400,10Kohm",DB32-00277A,130.95,https://samsungparts.com/products/db32-00277a,"<p>Samsung DB32-00277A Sensor Temp;103Hw,L400,10Kohm</p>",gmc;havingImg;subcate:Air Conditioner;types:SENSOR;webcat:SENSOR,Air Conditioner
Samsung DB95-04871A Assembly Thermistor Out-Sub Ou,DB95-04871A,82.95,https://samsungparts.com/products/db95-04871a,<p>Samsung DB95-04871A Assembly Thermistor Out-Sub Ou</p>,gmc;havingImg;subcate:Air Conditioner;types:Sensor/ Thermistor/ Thermostat;webcat:Sensor/Thermistor/Thermostat,Air Conditioner
Samsung DB95-05164B Assembly Thermistor Out,DB95-05164B,96.95,https://samsungparts.com/products/db95-05164b,<p>Samsung DB95-05164B Assembly Thermistor Out</p>,subcate:Air Conditioner;types:Sensor/ Thermistor/ Thermostat;webcat:Sensor/Thermistor/Thermostat,Air Conditioner
Samsung DB31-00672A Motor Bldc Fan,DB31-00672A,311.95,https://samsungparts.com/products/db31-00672a,"<p>This high-quality Samsung part offers a reliable and efficient way to improve the performance of your device. With a robust construction, this Original Part is designed with durability in mind and delivers premium levels of strength and performance. Combining quality materials with advanced engineering, this Replacement Part provides advanced operation that you can depend on. Genuine Parts provide efficient use and long-lasting results. Don't settle for anything less than the best – get Samsung Original Parts today!</p>",gmc;subcate:Air Conditioner;types:FAN;webcat:FAN,Air Conditioner
Samsung DB94-01550E Assembly Fan Cross,DB94-01550E,152.95,https://samsungparts.com/products/db94-01550e,<p>Samsung DB94-01550E Assembly Fan Cross</p>,gmc;havingImg;subcate:Air Conditioner;types:FAN;webcat:FAN,Air Conditioner
Samsung DB61-04465A Blade-H,DB61-04465A,132.95,https://samsungparts.com/products/db61-04465a,"<p>This genuine OEM Samsung part is a high-quality replacement for your damaged or malfunctioning appliance. It's a reliable, durable product that's been specially designed to provide long-lasting use in your kitchen. With a sturdy construction and modern design, this blade is the perfect addition to your appliance. It offers performance and reliability that you can trust for years to come. Get the most out of your Samsung appliances with this genuine part!</p>",gmc;subcate:Air Conditioner;types:BLADE;webcat:BLADE,Air Conditioner
Samsung DB63-04207A Filter Air Pre Module,DB63-04207A,90.95,https://samsungparts.com/products/db63-04207a,"<p>This original, genuine Samsung part is the perfect replacement or upgrade for your need - offering superior quality and performance so that you can enjoy a reliable and efficient solution. With its anti-allergen filter technology, this module helps to keep the air in your home clean and free from pollutants. Get back to reliable comfort with this dependable air filter pre module from Samsung!</p>",gmc;subcate:Air Conditioner;types:FILTER;webcat:FILTER,Air Conditioner
Samsung DB93-11110A Pcb Assembly Sub-Emi,DB93-11110A,117.95,https://samsungparts.com/products/db93-11110a,<p>Samsung DB93-11110A Pcb Assembly Sub-Emi</p>,subcate:Air Conditioner;types:PCB;webcat:PCB,Air Conditioner
Samsung DB31-00609A Motor Fan,DB31-00609A,246.95,https://samsungparts.com/products/db31-00609a,"<p>This genuine Samsung replacement motor fan is designed to provide reliable, long-lasting performance. With its powerful rotational speed, it efficiently circulates air to keep your appliance running smoothly and efficiently. It is easy to install and comes with all the necessary parts for a hassle-free repair job. Perfect for restoring your appliance back to its original condition, this Samsung replacement part is an excellent choice for ensuring optimal performance.</p>",gmc;havingImg;subcate:Air Conditioner;types:MOTOR FAN;webcat:MOTOR FAN,Air Conditioner
Samsung DB94-04183A Assembly Fan Cross-Total,DB94-04183A,153.95,https://samsungparts.com/products/db94-04183a,"<p>This Samsung DB94-04183A ASSEMBLY FAN CROSS-TOTAL is an original part that is designed and manufactured by the renowned Samsung brand. It offers superior performance and reliability, making it an ideal choice for your repair needs. Constructed with high-quality components, this durable fan cross-total offers reliable performance and long-lasting use. Plus, its sleek design enhances the look of your appliance. This genuine part from Samsung makes repairing your appliance easy and cost effective. You can trust this part to deliver superior performance for years to come. Avoid cheaply made parts and go with a genuine Samsung option - you won't be disappointed!</p>",gmc;havingImg;subcate:Air Conditioner;types:FAN;webcat:FAN,Air Conditioner
Samsung DB95-04811A Assembly Thermistor Out,DB95-04811A,128.95,https://samsungparts.com/products/db95-04811a,"<p>This is a genuine, Original Part replacement for your Samsung device. With its robust construction, reliable performance and accurate functionality, the Samsung DB95-04811A ASSEMBLY THERMISTOR OUT is an ideal fit for your need. Designed with top-notch quality materials and state-of-the-art technology, this part provides superior performance you can count on. Order from the Samsung Parts with Original Part, Replacement part, Genuine Part brands to get a quality product at an unbeatable price!</p>",gmc;havingImg;subcate:Air Conditioner;types:Sensor/ Thermistor/ Thermostat;webcat:Sensor/Thermistor/Thermostat,Air Conditioner
"Samsung DB92-04466A Assembly Pcb Main;Hub,Dvm S,29",DB92-04466A,225.95,https://samsungparts.com/products/db92-04466a,"<p>This Samsung DB92-04466A ASSEMBLY PCB MAIN;HUB,DVM S,29 is a genuine, original replacement part designed to provide reliable and long-lasting performance. It is designed to be an exact fit for your device and is made from high-quality materials that are built to last. Don't settle for inferior parts or compromise on quality - trust in the Original Part, Replacement part and Genuine Part by Samsung Part.</p>",gmc;havingImg;subcate:Air Conditioner;types:PCB;webcat:PCB,Air Conditioner
"Samsung DB32-00272A Sensor Humidity;5V,10-90%Rh,Ac",DB32-00272A,134.95,https://samsungparts.com/products/db32-00272a,"<p>Samsung DB32-00272A Sensor Humidity;5V,10-90%Rh,Ac</p>",gmc;havingImg;subcate:Air Conditioner;types:SENSOR;webcat:SENSOR,Air Conditioner
Samsung DB94-04236D Assembly Tray Drain Pump,DB94-04236D,232.95,https://samsungparts.com/products/db94-04236d,<p>Samsung DB94-04236D Assembly Tray Drain Pump</p>,subcate:Air Conditioner;types:Parts & Accessories;webcat:Parts & Accessories,Air Conditioner
Samsung DB94-00456H Assembly Fan Cross,DB94-00456H,149.95,https://samsungparts.com/products/db94-00456h,"<p>The Samsung DB94-00456H Fan Cross is a reliable and durable part, designed to provide lasting performance. This original replacement part from Samsung guarantees the usual high standards of quality, assuring you of a product that will last for years. Enjoy optimal cooling and renewed efficiency with this genuine fan cross from Samsung Parts. With its superior build quality, this part is the ideal choice for reliable replacement in your device. Whether you need a compatible part for repairs or simply want to keep your device running at peak performance, this genuine Samsung product is sure to get the job done quickly and effectively. Forget about worrying about low quality substitutes- this fan cross is backed by the trusted Samsung name and comes with our assurance that it is built with long-lasting durability in mind.</p>",gmc;havingImg;subcate:Air Conditioner;types:FAN;webcat:FAN,Air Conditioner
Samsung DB92-02873D Main Pcb Assembly,DB92-02873D,200.95,https://samsungparts.com/products/db92-02873d,<p>MAIN PCB ASSEMBLY</p>,gmc;havingImg;subcate:Air Conditioner;types:PCB;webcat:PCB,Air Conditioner
Samsung DB31-00665B Motor Ac Fan,DB31-00665B,128.95,https://samsungparts.com/products/db31-00665b,<p>Samsung DB31-00665B Motor Ac Fan</p>,subcate:Air Conditioner;types:MOTOR FAN;webcat:MOTOR FAN,Air Conditioner
Samsung DB95-04718H Assembly Thermistor-Wire,DB95-04718H,94.95,https://samsungparts.com/products/db95-04718h,<p>Samsung DB95-04718H Assembly Thermistor-Wire</p>,subcate:Air Conditioner;types:Wire;webcat:Wire,Air Conditioner
Samsung DB92-04833B Assembly Pcb Display;Display_D,DB92-04833B,200.95,https://samsungparts.com/products/db92-04833b,<p>ASSEMBLY PCB DISPLAY;DISPLAY_D</p>,gmc;subcate:Air Conditioner;types:PCB;webcat:PCB,Air Conditioner
Samsung DB93-11009A Pcb Assembly Sub-Display,DB93-11009A,85.95,https://samsungparts.com/products/db93-11009a,<p>Samsung DB93-11009A Pcb Assembly Sub-Display</p>,gmc;subcate:Air Conditioner;types:PCB;webcat:PCB,Air Conditioner
Samsung DB92-02894C Cover Assembly Panel,DB92-02894C,95.95,https://samsungparts.com/products/db92-02894c,<p>COVER ASSEMBLY PANEL</p>,subcate:Air Conditioner;types:COVER;webcat:COVER,Air Conditioner
Samsung DB92-03686D Pcb Assembly Inverter,DB92-03686D,346.95,https://samsungparts.com/products/db92-03686d,<p>PCB ASSEMBLY INVERTER</p>,subcate:Air Conditioner;types:PCB;webcat:PCB,Air Conditioner
Samsung DB93-12828E Main Pcb Assembly-In,DB93-12828E,232.95,https://samsungparts.com/products/db93-12828e,"<p>This genuine Samsung replacement main PCB assembly is an essential part for all Samsung TVs. Engineered with high-quality materials, this reliable piece of hardware is designed to last and help keep your TV running smoothly. Its simple installation and intuitive design ensures that it won't be a hassle to replace. Don't settle for anything less than the quality and reliability of a genuine Samsung product.</p>",gmc;havingImg;subcate:Air Conditioner;types:PCB;webcat:PCB,Air Conditioner
Samsung DB92-03526C Pcb Assembly Inverter,DB92-03526C,542.95,https://samsungparts.com/products/db92-03526c,"<p>This top-of-the-line Samsung product is the perfect choice for powering your electronic devices. With its reliable, high-quality components, this PCB assembly inverter will provide long-lasting durability and can survive in the harshest of conditions. It's an Original Part from Samsung, so you know you're getting a true genuine replacement part. Don't settle for anything less than the best when it comes to powering your electronics!</p>",gmc;havingImg;subcate:Air Conditioner;types:PCB;webcat:PCB,Air Conditioner
Samsung DB31-10119A Motor-Fan Out,DB31-10119A,171.95,https://samsungparts.com/products/db31-10119a,<p>Samsung DB31-10119A Motor-Fan Out</p>,gmc;havingImg;subcate:Air Conditioner;types:MOTOR FAN;webcat:MOTOR FAN,Air Conditioner
Samsung DB92-03337B Pcb Assembly Inverter,DB92-03337B,620.95,https://samsungparts.com/products/db92-03337b,<p>PCB ASSEMBLY INVERTER</p>,subcate:Air Conditioner;types:PCB;webcat:PCB,Air Conditioner
Samsung DB95-05011E Assembly Thermistor In,DB95-05011E,128.95,https://samsungparts.com/products/db95-05011e,<p>Samsung DB95-05011E Assembly Thermistor In</p>,gmc;havingImg;subcate:Air Conditioner;topmovers;types:Sensor/ Thermistor/ Thermostat;webcat:Sensor/Thermistor/Thermostat,Air Conditioner
Samsung DB39-01263A Connect Wire-External,DB39-01263A,22.95,https://samsungparts.com/products/db39-01263a,"<p>This genuine Samsung DB39-01263A CONNECT WIRE-EXTERNAL is the perfect replacement for your existing unit. Crafted with high-quality materials, this external wire connection offers reliable performance and long-lasting durability. With its sleek design and easy installation, this part will provide a seamless integration into your device without any hassle. It is a must-have for anyone who wants to keep their device running smoothly and efficiently. Get the best quality with Samsung Parts today!</p>",gmc;havingImg;subcate:Air Conditioner;types:Connector;webcat:Connector,Air Conditioner
Samsung DB63-02758F Filter Air-Pre,DB63-02758F,50.95,https://samsungparts.com/products/db63-02758f,<p>Samsung DB63-02758F Filter Air-Pre</p>,subcate:Air Conditioner;types:FILTER;webcat:FILTER,Air Conditioner
Samsung DB63-04223A Cover Panel,DB63-04223A,72.95,https://samsungparts.com/products/db63-04223a,<p>Samsung DB63-04223A Cover Panel</p>,subcate:Air Conditioner;types:Parts & Accessories;webcat:Parts & Accessories,Air Conditioner
Samsung DB94-00066A Assembly Bearing,DB94-00066A,41.95,https://samsungparts.com/products/db94-00066a,<p>Samsung DB94-00066A Assembly Bearing</p>,gmc;havingImg;subcate:Air Conditioner;types:Bearing;webcat:Bearing,Air Conditioner
Samsung DB67-01166A Pump Drain,DB67-01166A,147.95,https://samsungparts.com/products/db67-01166a,<p>Samsung DB67-01166A Pump Drain</p>,subcate:Air Conditioner;types:Pump;webcat:Pump,Air Conditioner
Samsung DB31-00665A Motor Ac Fan,DB31-00665A,143.95,https://samsungparts.com/products/db31-00665a,<p>Samsung DB31-00665A Motor Ac Fan</p>,gmc;havingImg;NLA;Not_allowed_to_purchase;subcate:Air Conditioner;types:FAN;webcat:FAN,Air Conditioner
"Samsung DB92-04839A Assembly Pcb Main;Main,Qmd Rac",DB92-04839A,225.95,https://samsungparts.com/products/db92-04839a,"<p>ASSEMBLY PCB MAIN;MAIN,QMD RAC</p>",gmc;havingImg;subcate:Air Conditioner;types:PCB;webcat:PCB,Air Conditioner
Samsung DB92-02861A Assembly Module,DB92-02861A,134.95,https://samsungparts.com/products/db92-02861a,"<p>This Samsung DB92-02861A ASSEMBLY MODULE is a genuine Original Replacement part. Carefully crafted with premium components, this durable module is designed to work perfectly with your device, giving you the same smooth performance and reliability you've come to expect from Samsung products. Enjoy enhanced features, plus a level of precision and reliability that comes with every Original Replacement part.</p>",subcate:Air Conditioner;types:Module;webcat:Module,Air Conditioner
Samsung DB91-00317C Assembly Drain Pan,DB91-00317C,141.95,https://samsungparts.com/products/db91-00317c,<p>Samsung DB91-00317C Assembly Drain Pan</p>,subcate:Air Conditioner;webcat:,Air Conditioner
Samsung DB92-02779A Pcb Assembly Display,DB92-02779A,105.95,https://samsungparts.com/products/db92-02779a,<p>PCB ASSEMBLY DISPLAY</p>,subcate:Air Conditioner;types:PCB;webcat:PCB,Air Conditioner
Samsung DB95-05071A Assembly Thermistor Out,DB95-05071A,133.95,https://samsungparts.com/products/db95-05071a,<p>Samsung DB95-05071A Assembly Thermistor Out</p>,subcate:Air Conditioner;types:Sensor/ Thermistor/ Thermostat;webcat:Sensor/Thermistor/Thermostat,Air Conditioner
Samsung DB94-00119A Assembly Fan Cross,DB94-00119A,116.95,https://samsungparts.com/products/db94-00119a,<p>Samsung DB94-00119A Assembly Fan Cross</p>,subcate:Air Conditioner;types:Parts & Accessories;webcat:Parts & Accessories,Air Conditioner
Samsung DB92-04216A Pcb Assembly Sub,DB92-04216A,123.95,https://samsungparts.com/products/db92-04216a,<p>PCB ASSEMBLY SUB</p>,subcate:Air Conditioner;types:PCB;webcat:PCB,Air Conditioner
Samsung DB93-14643R Assembly Wireless Remote Contr,DB93-14643R,87.95,https://samsungparts.com/products/db93-14643r,<p>Samsung DB93-14643R Assembly Wireless Remote Contr</p>,NLA;Not_allowed_to_purchase;subcate:Air Conditioner;types:Remote Control;webcat:Remote Control,Air Conditioner
Samsung DB62-11206A Valve Coil Expan,DB62-11206A,115.95,https://samsungparts.com/products/db62-11206a,<p>Samsung DB62-11206A Valve Coil Expan</p>,subcate:Air Conditioner;types:VALVE;webcat:VALVE,Air Conditioner
Samsung DB63-01765F Guard-Air Filter,DB63-01765F,87.95,https://samsungparts.com/products/db63-01765f,<p>Samsung DB63-01765F Guard-Air Filter</p>,gmc;havingImg;subcate:Air Conditioner;types:FILTER;webcat:FILTER,Air Conditioner
Samsung DB95-05164A Assembly Thermistor Out,DB95-05164A,88.95,https://samsungparts.com/products/db95-05164a,<p>Samsung DB95-05164A Assembly Thermistor Out</p>,gmc;subcate:Air Conditioner;types:Sensor/ Thermistor/ Thermostat;webcat:Sensor/Thermistor/Thermostat,Air Conditioner
Samsung DB67-00243A Fan Propeller,DB67-00243A,114.95,https://samsungparts.com/products/db67-00243a,<p>Samsung DB67-00243A Fan Propeller</p>,subcate:Air Conditioner;types:FAN;webcat:FAN,Air Conditioner
Samsung DB95-05011C Assembly Thermistor In,DB95-05011C,67.95,https://samsungparts.com/products/db95-05011c,<p>Samsung DB95-05011C Assembly Thermistor In</p>,gmc;havingImg;subcate:Air Conditioner;types:Sensor/ Thermistor/ Thermostat;webcat:Sensor/Thermistor/Thermostat,Air Conditioner
Samsung DB95-01990F Assembly Thermistor In,DB95-01990F,85.95,https://samsungparts.com/products/db95-01990f,"<p>The Samsung DB95-01990F Assembly Thermistor In is designed to ensure optimal performance and reliability in any application making it a great addition to any home or office environment. With its superior build quality, you can trust that this thermistor will provide a long-lasting, reliable performance. It features Samsung's original part technology so you can be certain that it meets the highest standards. The thermistor also includes a genuine replacement part option, allowing for easy installation and repair of existing components with minimal effort. With its contemporary design and trusted brand name, you can count on the Samsung DB95-01990F Assembly Thermistor In to provide top-notch performance.</p>",subcate:Air Conditioner;types:Sensor/ Thermistor/ Thermostat;webcat:Sensor/Thermistor/Thermostat,Air Conditioner
Samsung DB32-00239A Sensor Temp,DB32-00239A,69.95,https://samsungparts.com/products/db32-00239a,<p>Samsung DB32-00239A Sensor Temp</p>,subcate:Air Conditioner;types:SENSOR;webcat:SENSOR,Air Conditioner
Samsung DB92-02867K Main Pcb Assembly,DB92-02867K,411.95,https://samsungparts.com/products/db92-02867k,<p>MAIN PCB ASSEMBLY</p>,subcate:Air Conditioner;types:PCB;webcat:PCB,Air Conditioner
Samsung DB93-06543K Assembly Bldc Driver,DB93-06543K,242.95,https://samsungparts.com/products/db93-06543k,<p>ASSEMBLY BLDC DRIVER</p>,subcate:Air Conditioner;types:Parts & Accessories;webcat:Parts & Accessories,Air Conditioner
Samsung DB96-09600A Evaperater Asseembly Unit,DB96-09600A,374.95,https://samsungparts.com/products/db96-09600a,<p>Samsung DB96-09600A Evaperater Asseembly Unit</p>,subcate:Air Conditioner;types:Evaporator;webcat:Evaporator,Air Conditioner
Samsung DB92-02829A Assembly Kit,DB92-02829A,324.95,https://samsungparts.com/products/db92-02829a,"<p>Get your hands on this superior assembly kit, made with quality materials and craftsmanship. This Samsung DB92-02829A ASSEMBLY KIT allows you to upgrade your device with ease. It comes with a full compliment of genuine, original parts to ensure that you have the best replacement and upgrade available. Sturdy and reliable, this kit is designed to last, delivering top-notch performance time after time. For those who need reliable and powerful replacement or upgrade parts that won't disappoint - trust Samsung Part with Original Part, Replacement part, Genuine Part Branding.</p>",gmc;havingImg;subcate:Air Conditioner;types:Parts & Accessories;webcat:Parts & Accessories,Air Conditioner
Samsung DB93-07112U Main Pcb Assembly-Out,DB93-07112U,515.95,https://samsungparts.com/products/db93-07112u,"<p>This Samsung DB93-07112U Room Air Conditioner Electronic Control Board Assembly is a replacement part, ensuring the same high performance and genuine quality as the original. With this new assembly, you get reliable performance and an eye-catching design. It's easy to install and built with the highest standards of quality, so you can feel confident in its long lasting durability. Get a better control of your temperature without sacrificing style when you use this Samsung Part with Original Part.</p>",gmc;havingImg;subcate:Air Conditioner;types:MAIN PCB;webcat:MAIN PCB,Air Conditioner
Samsung DB92-02876A Pcb Assembly Display,DB92-02876A,52.95,https://samsungparts.com/products/db92-02876a,<p>PCB ASSEMBLY DISPLAY</p>,gmc;havingImg;subcate:Air Conditioner;types:PCB;webcat:PCB,Air Conditioner
Samsung DB61-00204A Holder-Remote Control,DB61-00204A,11.95,https://samsungparts.com/products/db61-00204a,<p>Samsung DB61-00204A Holder-Remote Control</p>,gmc;havingImg;subcate:Air Conditioner;types:Holder;webcat:Holder,Air Conditioner
Samsung DB92-02873E Main Pcb Assembly,DB92-02873E,173.95,https://samsungparts.com/products/db92-02873e,"<p>This Samsung DB92-02873E MAIN PCB ASSEMBLY is a genuine part from Samsung, designed to keep your device running optimally. This replacement part has been thoroughly tested and certified to provide reliable performance and durability. With this part you can expect superior quality, reliability and performance for your device. No need to settle for anything less than the best with this original Samsung product. Get the most out of your device with this high quality replacement part from Samsung Parts.</p>",gmc;havingImg;subcate:Air Conditioner;types:PCB;webcat:PCB,Air Conditioner
Samsung DB92-03310H Assembly Pcb Main-Out,DB92-03310H,154.95,https://samsungparts.com/products/db92-03310h,<p>Samsung DB92-03310H Assembly Pcb Main-Out</p>,subcate:Air Conditioner;types:Parts & Accessories;webcat:Parts & Accessories,Air Conditioner
Samsung DB92-05092C Assembly Pcb Main,DB92-05092C,302.95,https://samsungparts.com/products/db92-05092c,<p>Samsung DB92-05092C Assembly Pcb Main</p>,subcate:Air Conditioner;types:Parts & Accessories;webcat:Parts & Accessories,Air Conditioner
Samsung DB32-00067D Thermistor-Wire In Pcb,DB32-00067D,47.95,https://samsungparts.com/products/db32-00067d,<p>Samsung DB32-00067D Thermistor-Wire In Pcb</p>,subcate:Air Conditioner;types:Wire;webcat:Wire,Air Conditioner
Samsung DB32-00169A Thermistor,DB32-00169A,116.95,https://samsungparts.com/products/db32-00169a,<p>Samsung DB32-00169A Thermistor</p>,subcate:Air Conditioner;types:Sensor/ Thermistor/ Thermostat;webcat:Sensor/Thermistor/Thermostat,Air Conditioner
Samsung DB32-10008B Thermistor-Evap,DB32-10008B,30.95,https://samsungparts.com/products/db32-10008b,<p>Samsung DB32-10008B Thermistor-Evap</p>,Not_allowed_to_purchase;subcate:Air Conditioner;types:Sensor/ Thermistor/ Thermostat;webcat:Sensor/Thermistor/Thermostat,Air Conditioner
Samsung DB32-10051H Thermistor-Assembly,DB32-10051H,33.95,https://samsungparts.com/products/db32-10051h,<p>Samsung DB32-10051H Thermistor-Assembly</p>,subcate:Air Conditioner;types:Sensor/ Thermistor/ Thermostat;webcat:Sensor/Thermistor/Thermostat,Air Conditioner
Samsung DB41-10087A Pcb Remote Control,DB41-10087A,21.95,https://samsungparts.com/products/db41-10087a,<p>Samsung DB41-10087A Pcb Remote Control</p>,subcate:Air Conditioner;types:Circuit Board;webcat:Circuit Board,Air Conditioner
Samsung DB47-20002A Olp-Polyester,DB47-20002A,52.95,https://samsungparts.com/products/db47-20002a,<p>Samsung DB47-20002A Olp-Polyester</p>,subcate:Air Conditioner;types:Parts & Accessories;webcat:Parts & Accessories,Air Conditioner
Samsung DB47-90024A Battery-Mn,DB47-90024A,5.95,https://samsungparts.com/products/db47-90024a,<p>Samsung DB47-90024A Battery-Mn</p>,subcate:Air Conditioner;types:BATTERY;webcat:BATTERY,Air Conditioner
Samsung DB61-00120A Bracket-Pump,DB61-00120A,29.95,https://samsungparts.com/products/db61-00120a,<p>Samsung DB61-00120A Bracket-Pump</p>,NLA;Not_allowed_to_purchase;subcate:Air Conditioner;types:BRACKET;webcat:BRACKET,Air Conditioner
Samsung DB61-02894B Door Latch Push,DB61-02894B,36.95,https://samsungparts.com/products/db61-02894b,<p>Samsung DB61-02894B Door Latch Push</p>,subcate:Air Conditioner;types:Parts & Accessories;webcat:Parts & Accessories,Air Conditioner
Samsung DB61-03661A Blade-H,DB61-03661A,105.95,https://samsungparts.com/products/db61-03661a,<p>Samsung DB61-03661A Blade-H</p>,subcate:Air Conditioner;types:BLADE;webcat:BLADE,Air Conditioner
Samsung DB61-03836A Plate-Hanger,DB61-03836A,17.95,https://samsungparts.com/products/db61-03836a,<p>Samsung DB61-03836A Plate-Hanger</p>,gmc;subcate:Air Conditioner;types:Plate;webcat:Plate,Air Conditioner
Samsung DB61-04008A Holder-Cover Corner,DB61-04008A,6.95,https://samsungparts.com/products/db61-04008a,<p>Samsung DB61-04008A Holder-Cover Corner</p>,subcate:Air Conditioner;types:COVER;webcat:COVER,Air Conditioner
Samsung DB61-04729A Hinge-Door,DB61-04729A,47.95,https://samsungparts.com/products/db61-04729a,<p>Samsung DB61-04729A Hinge-Door</p>,subcate:Air Conditioner;types:DOOR;webcat:DOOR,Air Conditioner
Samsung DB61-05872A Guide Blade,DB61-05872A,22.95,https://samsungparts.com/products/db61-05872a,<p>Samsung DB61-05872A Guide Blade</p>,subcate:Air Conditioner;types:GUIDE;webcat:GUIDE,Air Conditioner
Samsung DB61-05854A Case Pcb-Remote Control,DB61-05854A,7.95,https://samsungparts.com/products/db61-05854a,<p>Samsung DB61-05854A Case Pcb-Remote Control</p>,subcate:Air Conditioner;types:CASE;webcat:CASE,Air Conditioner
"Samsung DB61-07076A Hinge Blade-A;Pc4Sufman,Pom,T5",DB61-07076A,11.95,https://samsungparts.com/products/db61-07076a,"<p>Samsung DB61-07076A Hinge Blade-A;Pc4Sufman,Pom,T5</p>",subcate:Air Conditioner;types:HINGE;webcat:HINGE,Air Conditioner
Samsung DB61-07464A Case Power Control Board,DB61-07464A,7.95,https://samsungparts.com/products/db61-07464a,<p>Samsung DB61-07464A Case Power Control Board</p>,subcate:Air Conditioner;types:Parts & Accessories;webcat:Parts & Accessories,Air Conditioner
Samsung DB63-01186E Guard-Air Filter,DB63-01186E,53.95,https://samsungparts.com/products/db63-01186e,<p>Samsung DB63-01186E Guard-Air Filter</p>,subcate:Air Conditioner;types:AIR FILTER;webcat:AIR FILTER,Air Conditioner
Samsung DB63-02144H Filter-Pre R,DB63-02144H,49.95,https://samsungparts.com/products/db63-02144h,<p>Samsung DB63-02144H Filter-Pre R</p>,subcate:Air Conditioner;types:FILTER;webcat:FILTER,Air Conditioner
Samsung DB63-03157A Cover-Display,DB63-03157A,55.95,https://samsungparts.com/products/db63-03157a,<p>Samsung DB63-03157A Cover-Display</p>,subcate:Air Conditioner;types:COVER;webcat:COVER,Air Conditioner
Samsung DB63-03492A Cover Motor,DB63-03492A,20.95,https://samsungparts.com/products/db63-03492a,<p>Samsung DB63-03492A Cover Motor</p>,subcate:Air Conditioner;types:COVER;webcat:COVER,Air Conditioner
"Samsung DB63-04251A Cover-Sensor;Pc4Nb****, 360Cst",DB63-04251A,13.95,https://samsungparts.com/products/db63-04251a,"<p>Samsung DB63-04251A Cover-Sensor;Pc4Nb****, 360Cst</p>",gmc;subcate:Air Conditioner;types:COVER;webcat:COVER,Air Conditioner
Samsung DB63-04224A Cover Panel,DB63-04224A,71.95,https://samsungparts.com/products/db63-04224a,<p>Samsung DB63-04224A Cover Panel</p>,subcate:Air Conditioner;types:Parts & Accessories;webcat:Parts & Accessories,Air Conditioner
Samsung DB64-01077B Knob-Assembly,DB64-01077B,3.95,https://samsungparts.com/products/db64-01077b,<p>Samsung DB64-01077B Knob-Assembly</p>,NLA;Not_allowed_to_purchase;subcate:Air Conditioner;types:KNOB;webcat:KNOB,Air Conditioner
Samsung DB64-01764A Cabinet-Cushion,DB64-01764A,6.95,https://samsungparts.com/products/db64-01764a,<p>Samsung DB64-01764A Cabinet-Cushion</p>,subcate:Air Conditioner;types:Cabinet;webcat:Cabinet,Air Conditioner
Samsung DB64-01746A Knob-Slide A,DB64-01746A,7.95,https://samsungparts.com/products/db64-01746a,<p>Samsung DB64-01746A Knob-Slide A</p>,subcate:Air Conditioner;types:KNOB;webcat:KNOB,Air Conditioner
Samsung DB64-01747A Knob-Slide B,DB64-01747A,7.95,https://samsungparts.com/products/db64-01747a,<p>Samsung DB64-01747A Knob-Slide B</p>,subcate:Air Conditioner;types:KNOB;webcat:KNOB,Air Conditioner
Samsung DB65-10014A Clip,DB65-10014A,0.95,https://samsungparts.com/products/db65-10014a,<p>Samsung DB65-10014A Clip</p>,NLA;Not_allowed_to_purchase;subcate:Air Conditioner;types:Clip;webcat:Clip,Air Conditioner
Samsung DB66-01730A Link Blade-B,DB66-01730A,6.95,https://samsungparts.com/products/db66-01730a,<p>Samsung DB66-01730A Link Blade-B</p>,subcate:Air Conditioner;types:Blade;webcat:Blade,Air Conditioner
Samsung DB66-30190A Blade-H,DB66-30190A,17.95,https://samsungparts.com/products/db66-30190a,<p>Samsung DB66-30190A Blade-H</p>,NLA;Not_allowed_to_purchase;subcate:Air Conditioner;types:BLADE;webcat:BLADE,Air Conditioner
Samsung DB67-00805B Drain Hose-Joint B,DB67-00805B,17.95,https://samsungparts.com/products/db67-00805b,<p>Samsung DB67-00805B Drain Hose-Joint B</p>,subcate:Air Conditioner;types:Pipe/ Tube/ Hose/ Fitting;webcat:Pipe/ Tube/ Hose/ Fitting,Air Conditioner
"Samsung DB67-01713A Rubber;Silicon Rubber,T0.3",DB67-01713A,15.95,https://samsungparts.com/products/db67-01713a,"<p>Samsung DB67-01713A Rubber;Silicon Rubber,T0.3</p>",subcate:Air Conditioner;types:Rubber;webcat:Rubber,Air Conditioner
Samsung DB70-00754A Plate-Cover Control,DB70-00754A,24.95,https://samsungparts.com/products/db70-00754a,<p>Samsung DB70-00754A Plate-Cover Control</p>,subcate:Air Conditioner;webcat:Control,Air Conditioner
"Samsung DB73-00449A Rubber-Capacitor;Forte,Si,T2,1",DB73-00449A,9.95,https://samsungparts.com/products/db73-00449a,"<p>Samsung DB73-00449A Rubber-Capacitor;Forte,Si,T2,1</p>",subcate:Air Conditioner;types:CAP;webcat:CAP,Air Conditioner
Samsung DB82-02103A Rubber Bearing Assembly,DB82-02103A,39.95,https://samsungparts.com/products/db82-02103a,Samsung DB82-02103A Rubber Bearing Assembly,subcate:Air Conditioner;types:Rubber;webcat:Rubber,Air Conditioner
Samsung DB82-03998A Eeprom Out Assembly,DB82-03998A,49.95,https://samsungparts.com/products/db82-03998a,Samsung DB82-03998A Eeprom Out Assembly,subcate:Air Conditioner;types:Parts & Accessories;webcat:Parts & Accessories,Air Conditioner
Samsung DB90-07179K Assembly Cover Control;Ar18Tsf,DB90-07179K,73.95,https://samsungparts.com/products/db90-07179k,<p>Samsung DB90-07179K Assembly Cover Control;Ar18Tsf</p>,subcate:Air Conditioner;webcat:Control Cover,Air Conditioner
Samsung DB92-04404A Pcb Assembly Display,DB92-04404A,100.95,https://samsungparts.com/products/db92-04404a,<p>PCB ASSEMBLY DISPLAY</p>,subcate:Air Conditioner;types:PCB;webcat:PCB,Air Conditioner
Samsung DB93-14206A Assembly Connector Wire-Dc Sig,DB93-14206A,26.95,https://samsungparts.com/products/db93-14206a,<p>Samsung DB93-14206A Assembly Connector Wire-Dc Sig</p>,subcate:Air Conditioner;types:CONNECTOR;webcat:CONNECTOR,Air Conditioner
Samsung DB94-00258A Assembly Bearing,DB94-00258A,38.95,https://samsungparts.com/products/db94-00258a,<p>Samsung DB94-00258A Assembly Bearing</p>,subcate:Air Conditioner;types:Bearing;webcat:Bearing,Air Conditioner
Samsung DB95-00287F Assembly Cleaner Filter,DB95-00287F,26.95,https://samsungparts.com/products/db95-00287f,<p>Samsung DB95-00287F Assembly Cleaner Filter</p>,subcate:Air Conditioner;types:Filter;webcat:Filter,Air Conditioner
Samsung DB95-01947C Assembly Thermistor-Eva In,DB95-01947C,38.95,https://samsungparts.com/products/db95-01947c,<p>Samsung DB95-01947C Assembly Thermistor-Eva In</p>,subcate:Air Conditioner;types:Sensor/ Thermistor/ Thermostat;webcat:Sensor/Thermistor/Thermostat,Air Conditioner
Samsung DB95-01958B Assembly Thermistor-Eva Out,DB95-01958B,35.95,https://samsungparts.com/products/db95-01958b,<p>Samsung DB95-01958B Assembly Thermistor-Eva Out</p>,subcate:Air Conditioner;types:Sensor/ Thermistor/ Thermostat;webcat:Sensor/Thermistor/Thermostat,Air Conditioner
Samsung DB95-05009E Assembly Thermistor,DB95-05009E,47.95,https://samsungparts.com/products/db95-05009e,<p>Samsung DB95-05009E Assembly Thermistor</p>,subcate:Air Conditioner;types:Sensor/ Thermistor/ Thermostat;webcat:Sensor/Thermistor/Thermostat,Air Conditioner
"Samsung 6001-003089 Screw-Machine;Ph,+,Wsp,M4,L16,",6001-003089,6.95,https://samsungparts.com/products/6001-003089,"<p>Samsung 6001-003089 Screw-Machine;Ph,+,Wsp,M4,L16,</p>",subcate:Air Conditioner;webcat:Screw,Air Conditioner
Samsung DB95-04823A Assembly Thermistor-Water Temp,DB95-04823A,157.95,https://samsungparts.com/products/db95-04823a,<p>Samsung DB95-04823A Assembly Thermistor-Water Temp</p>,subcate:Air Conditioner;types:Sensor/ Thermistor/ Thermostat;webcat:Sensor/Thermistor/Thermostat,Air Conditioner
Samsung DB93-03546D Pcb Assembly Sub-Emi,DB93-03546D,173.95,https://samsungparts.com/products/db93-03546d,<p>PCB ASSEMBLY SUB-EMI</p>,subcate:Air Conditioner;types:PCB;webcat:PCB,Air Conditioner
Samsung DB44-00006A Adaptor-Solution,DB44-00006A,147.95,https://samsungparts.com/products/db44-00006a,<p>Samsung DB44-00006A Adaptor-Solution</p>,subcate:Air Conditioner;types:AC ADAPTER;webcat:AC ADAPTER,Air Conditioner
Samsung DB94-08313D Assembly Filter,DB94-08313D,166.95,https://samsungparts.com/products/db94-08313d,<p>Samsung DB94-08313D Assembly Filter</p>,subcate:Air Conditioner;types:Parts & Accessories;webcat:Parts & Accessories,Air Conditioner
Samsung DB93-01979A Main Pcb Assembly,DB93-01979A,132.95,https://samsungparts.com/products/db93-01979a,<p>MAIN PCB ASSEMBLY</p>,Not_allowed_to_purchase;subcate:Air Conditioner;types:MAIN PCB;webcat:MAIN PCB,Air Conditioner
Samsung DB32-00231A Sensor Pressure,DB32-00231A,153.95,https://samsungparts.com/products/db32-00231a,<p>Samsung DB32-00231A Sensor Pressure</p>,subcate:Air Conditioner;types:SENSOR;webcat:SENSOR,Air Conditioner
Samsung DB31-00056G Motor Fan,DB31-00056G,147.95,https://samsungparts.com/products/db31-00056g,<p>Samsung DB31-00056G Motor Fan</p>,subcate:Air Conditioner;types:MOTOR FAN;webcat:MOTOR FAN,Air Conditioner
Samsung DB32-00247A Sensor Temp,DB32-00247A,131.95,https://samsungparts.com/products/db32-00247a,<p>Samsung DB32-00247A Sensor Temp</p>,subcate:Air Conditioner;types:SENSOR;webcat:SENSOR,Air Conditioner
Samsung DB82-02309A Pba Assembly,DB82-02309A,175.95,https://samsungparts.com/products/db82-02309a,Samsung DB82-02309A Pba Assembly,subcate:Air Conditioner;types:Parts & Accessories;webcat:Parts & Accessories,Air Conditioner
Samsung DB93-12025A Pcb Assembly Sub-Hub,DB93-12025A,155.95,https://samsungparts.com/products/db93-12025a,<p>Samsung DB93-12025A Pcb Assembly Sub-Hub</p>,gmc;havingImg;subcate:Air Conditioner;types:PCB;webcat:PCB,Air Conditioner
Samsung DB82-02436A Tray Drain Assembly,DB82-02436A,130.95,https://samsungparts.com/products/db82-02436a,Samsung DB82-02436A Tray Drain Assembly,subcate:Air Conditioner;types:TRAY;webcat:TRAY,Air Conditioner
Samsung DB32-00230A Sensor Pressure,DB32-00230A,184.95,https://samsungparts.com/products/db32-00230a,<p>Samsung DB32-00230A Sensor Pressure</p>,subcate:Air Conditioner;types:SENSOR;webcat:SENSOR,Air Conditioner
"Samsung DB94-08209A Assembly Filter;Ar9500T,Tri-Ca",DB94-08209A,132.95,https://samsungparts.com/products/db94-08209a,"<p>Samsung DB94-08209A Assembly Filter;Ar9500T,Tri-Ca</p>",subcate:Air Conditioner;types:Filter;webcat:Filter,Air Conditioner
Samsung DB32-00248A Sensor Temp,DB32-00248A,137.95,https://samsungparts.com/products/db32-00248a,<p>Samsung DB32-00248A Sensor Temp</p>,gmc;subcate:Air Conditioner;types:SENSOR;webcat:SENSOR,Air Conditioner
"Samsung DB94-08009B Assembly Tray Drain;Da White,Y",DB94-08009B,151.95,https://samsungparts.com/products/db94-08009b,"<p>Samsung DB94-08009B Assembly Tray Drain;Da White,Y</p>",subcate:Air Conditioner;types:TRAY;webcat:TRAY,Air Conditioner
Samsung DB63-01491A Filter-Air,DB63-01491A,132.95,https://samsungparts.com/products/db63-01491a,<p>Samsung DB63-01491A Filter-Air</p>,subcate:Air Conditioner;types:FILTER;webcat:FILTER,Air Conditioner
Samsung DB90-03965K Cover Assembly Terminal,DB90-03965K,121.95,https://samsungparts.com/products/db90-03965k,<p>Samsung DB90-03965K Cover Assembly Terminal</p>,subcate:Air Conditioner;webcat:Cover,Air Conditioner
Samsung DB63-03731A Filter Air-Pre,DB63-03731A,131.95,https://samsungparts.com/products/db63-03731a,<p>Samsung DB63-03731A Filter Air-Pre</p>,subcate:Air Conditioner;types:FILTER;webcat:FILTER,Air Conditioner
Samsung DB92-03443B Main Pcb Assembly,DB92-03443B,156.95,https://samsungparts.com/products/db92-03443b,<p>MAIN PCB ASSEMBLY</p>,subcate:Air Conditioner;types:PCB;webcat:PCB,Air Conditioner
Samsung DB92-02279W Assembly Panel Front,DB92-02279W,157.95,https://samsungparts.com/products/db92-02279w,<p>ASSEMBLY PANEL FRONT</p>,NLA;Not_allowed_to_purchase;subcate:Air Conditioner;types:PANEL;webcat:PANEL,Air Conditioner
Samsung DB92-04019E Refrigerator Inverter,DB92-04019E,276.95,https://samsungparts.com/products/db92-04019e,<p>Refrigerator Inverter</p>,subcate:Air Conditioner;types:Parts & Accessories;webcat:Parts & Accessories,Air Conditioner
Samsung DB62-04067A Valve Coil Expan,DB62-04067A,118.95,https://samsungparts.com/products/db62-04067a,<p>Samsung DB62-04067A Valve Coil Expan</p>,subcate:Air Conditioner;types:VALVE;webcat:VALVE,Air Conditioner
Samsung DB62-03155A Heat Sink,DB62-03155A,64.95,https://samsungparts.com/products/db62-03155a,<p>Samsung DB62-03155A Heat Sink</p>,subcate:Air Conditioner;types:HEADSET;webcat:HEADSET,Air Conditioner
Samsung DB81-03623A Filter Pre,DB81-03623A,44.95,https://samsungparts.com/products/db81-03623a,<p>Samsung DB81-03623A Filter Pre</p>,subcate:Air Conditioner;types:FILTER;webcat:FILTER,Air Conditioner
Samsung DB70-00505A Plate-Hanger,DB70-00505A,65.95,https://samsungparts.com/products/db70-00505a,<p>Samsung DB70-00505A Plate-Hanger</p>,subcate:Air Conditioner;webcat:Plate,Air Conditioner
Samsung DB64-01961A Panel Control E(Sea),DB64-01961A,31.95,https://samsungparts.com/products/db64-01961a,<p>Samsung DB64-01961A Panel Control E(Sea)</p>,NLA;Not_allowed_to_purchase;subcate:Air Conditioner;types:Control;webcat:Control,Air Conditioner
Samsung DB39-00343B Power Cord-At,DB39-00343B,66.95,https://samsungparts.com/products/db39-00343b,<p>Samsung DB39-00343B Power Cord-At</p>,subcate:Air Conditioner;types:POWER CORD;webcat:POWER CORD,Air Conditioner
Samsung DB32-00083G Thermistor-Out Discharge,DB32-00083G,66.95,https://samsungparts.com/products/db32-00083g,<p>Samsung DB32-00083G Thermistor-Out Discharge</p>,subcate:Air Conditioner;types:Sensor/ Thermistor/ Thermostat;webcat:Sensor/Thermistor/Thermostat,Air Conditioner
Samsung DB63-04208A Filter Air Pre Module,DB63-04208A,95.95,https://samsungparts.com/products/db63-04208a,<p>Samsung DB63-04208A Filter Air Pre Module</p>,gmc;havingImg;subcate:Air Conditioner;types:Parts & Accessories;webcat:Parts & Accessories,Air Conditioner
Samsung DB95-04636C Assembly Thermistor,DB95-04636C,91.95,https://samsungparts.com/products/db95-04636c,<p>Samsung DB95-04636C Assembly Thermistor</p>,subcate:Air Conditioner;types:Sensor/ Thermistor/ Thermostat;webcat:Sensor/Thermistor/Thermostat,Air Conditioner
"Samsung 2301-001913 C-Film, Lead",2301-001913,48.95,https://samsungparts.com/products/2301-001913,<p>Samsung 2301-001913 C-Film Lead</p>,categ:Heating & Cooling;gmc;havingImg;subcate:Air Conditioner;webcat:Film,Air Conditioner
Samsung DB94-00040Y Assembly Fan Cross,DB94-00040Y,146.95,https://samsungparts.com/products/db94-00040y,<p>Samsung DB94-00040Y Assembly Fan Cross</p>,subcate:Air Conditioner;types:FAN;webcat:FAN,Air Conditioner
Samsung DB92-03442N Main Pcb Assembly,DB92-03442N,154.95,https://samsungparts.com/products/db92-03442n,<p>MAIN PCB ASSEMBLY</p>,subcate:Air Conditioner;types:PCB;webcat:PCB,Air Conditioner
Samsung DB94-01190A Assembly Fan Cross,DB94-01190A,95.95,https://samsungparts.com/products/db94-01190a,<p>Samsung DB94-01190A Assembly Fan Cross</p>,subcate:Air Conditioner;types:FAN;webcat:FAN,Air Conditioner
Samsung DB93-04257C Pcb Assembly Sub,DB93-04257C,140.95,https://samsungparts.com/products/db93-04257c,"Samsung PCB Board Assembly SUB, This Replacement Part has Highest performance with superior quality and can be fit with various samsung brand models, Please be sure to upluge the power source before installing the replacement part, also wear work gloves to prortect you hands.<ul style=""margin:15px 0;"">
<li>Tested for excellent Performance &amp; build quality as per the samsung's standard</li>
<li>Fully authentic and original for genuine Supported models</li>
<li>Brand: Samsung</li>
<li>Use Proper Instructions and tools as suggested by the brand.</li>
<li>OEM Part: DB93-04257C</li>
</ul>",gmc;havingImg;subcate:Air Conditioner;types:Circuit Board;webcat:Circuit Board,Air Conditioner
Samsung DB95-05071B Assembly Thermistor Out,DB95-05071B,106.95,https://samsungparts.com/products/db95-05071b,<p>Samsung DB95-05071B Assembly Thermistor Out</p>,subcate:Air Conditioner;types:Sensor/ Thermistor/ Thermostat;webcat:Sensor/Thermistor/Thermostat,Air Conditioner
Samsung DB94-02933A Assembly Fan Cross,DB94-02933A,139.95,https://samsungparts.com/products/db94-02933a,<p>Samsung DB94-02933A Assembly Fan Cross</p>,subcate:Air Conditioner;types:FAN;webcat:FAN,Air Conditioner
Samsung DB95-04891B Assembly Valve Solenoid Coil,DB95-04891B,104.95,https://samsungparts.com/products/db95-04891b,<p>Samsung DB95-04891B Assembly Valve Solenoid Coil</p>,subcate:Air Conditioner;types:VALVE;webcat:VALVE,Air Conditioner
Samsung DB64-01763B Cabinet-In,DB64-01763B,154.95,https://samsungparts.com/products/db64-01763b,<p>Samsung DB64-01763B Cabinet-In</p>,subcate:Air Conditioner;types:CABINET;webcat:CABINET,Air Conditioner
Samsung DB95-04871D Assembly Thermistor Out-Sub Ou,DB95-04871D,107.95,https://samsungparts.com/products/db95-04871d,<p>Samsung DB95-04871D Assembly Thermistor Out-Sub Ou</p>,gmc;havingImg;subcate:Air Conditioner;types:Sensor/ Thermistor/ Thermostat;webcat:Sensor/Thermistor/Thermostat,Air Conditioner
Samsung DB94-00040F Assembly Fan Cross,DB94-00040F,136.95,https://samsungparts.com/products/db94-00040f,<p>Samsung DB94-00040F Assembly Fan Cross</p>,subcate:Air Conditioner;types:FAN;webcat:FAN,Air Conditioner
Samsung DB93-14195G Assembly Wireless Remote Contr,DB93-14195G,139.95,https://samsungparts.com/products/db93-14195g,<p>Samsung DB93-14195G Assembly Wireless Remote Contr</p>,gmc;havingImg;subcate:Air Conditioner;types:Remote Control;webcat:Remote Control,Air Conditioner
Samsung DB62-12213A Valve Coil Expan,DB62-12213A,83.95,https://samsungparts.com/products/db62-12213a,<p>Samsung DB62-12213A Valve Coil Expan</p>,subcate:Air Conditioner;types:VALVE;webcat:VALVE,Air Conditioner
Samsung DB64-03203A Grille Panel,DB64-03203A,122.95,https://samsungparts.com/products/db64-03203a,<p>Samsung DB64-03203A Grille Panel</p>,subcate:Air Conditioner;types:GRILL;webcat:GRILL,Air Conditioner
Samsung DB95-00287P Assembly Cleaner Filter,DB95-00287P,92.95,https://samsungparts.com/products/db95-00287p,<p>Samsung DB95-00287P Assembly Cleaner Filter</p>,subcate:Air Conditioner;types:CLEANER FILTER;webcat:CLEANER FILTER,Air Conditioner
Samsung DB94-01556A Assembly Cross Fan,DB94-01556A,81.95,https://samsungparts.com/products/db94-01556a,<p>Samsung DB94-01556A Assembly Cross Fan</p>,subcate:Air Conditioner;types:FAN;webcat:FAN,Air Conditioner
Samsung DB95-01959H Assembly Thermistor-Discharge,DB95-01959H,115.95,https://samsungparts.com/products/db95-01959h,<p>Samsung DB95-01959H Assembly Thermistor-Discharge</p>,gmc;subcate:Air Conditioner;types:Sensor/ Thermistor/ Thermostat;webcat:Sensor/Thermistor/Thermostat,Air Conditioner
Samsung DB95-01978A Assembly Themistor-Air/Dischar,DB95-01978A,93.95,https://samsungparts.com/products/db95-01978a,<p>Samsung DB95-01978A Assembly Themistor-Air/Dischar</p>,gmc;subcate:Air Conditioner;types:Sensor/ Thermistor/ Thermostat;webcat:Sensor/Thermistor/Thermostat,Air Conditioner
Samsung DB63-03525A Filter-Pre,DB63-03525A,115.95,https://samsungparts.com/products/db63-03525a,<p>Samsung DB63-03525A Filter-Pre</p>,NLA;Not_allowed_to_purchase;subcate:Air Conditioner;types:FILTER;webcat:FILTER,Air Conditioner
Samsung DB95-01976C Assembly Thermistor,DB95-01976C,114.95,https://samsungparts.com/products/db95-01976c,<p>Samsung DB95-01976C Assembly Thermistor</p>,subcate:Air Conditioner;types:Sensor/ Thermistor/ Thermostat;webcat:Sensor/Thermistor/Thermostat,Air Conditioner
"Samsung DB64-03355A Grille Panel;Pc4Sufman,Hips,T2",DB64-03355A,139.95,https://samsungparts.com/products/db64-03355a,"<p>Samsung DB64-03355A Grille Panel;Pc4Sufman,Hips,T2</p>",subcate:Air Conditioner;types:GRILL;webcat:GRILL,Air Conditioner
Samsung DB95-04396A Assembly Thermistor-Eva Out,DB95-04396A,126.95,https://samsungparts.com/products/db95-04396a,<p>Samsung DB95-04396A Assembly Thermistor-Eva Out</p>,subcate:Air Conditioner;types:Sensor/ Thermistor/ Thermostat;webcat:Sensor/Thermistor/Thermostat,Air Conditioner
Samsung DB95-04329A Assembly Thermistor-Air/Dis,DB95-04329A,105.95,https://samsungparts.com/products/db95-04329a,<p>Samsung DB95-04329A Assembly Thermistor-Air/Dis</p>,subcate:Air Conditioner;types:Sensor/ Thermistor/ Thermostat;webcat:Sensor/Thermistor/Thermostat,Air Conditioner
Samsung DB94-00162A Assembly Drain Pump Kit,DB94-00162A,69.95,https://samsungparts.com/products/db94-00162a,<p>Samsung DB94-00162A Assembly Drain Pump Kit</p>,NLA;Not_allowed_to_purchase;subcate:Air Conditioner;types:Pump;webcat:Pump,Air Conditioner
Samsung DB95-01989A Assembly Themistor-Air/Dis,DB95-01989A,95.95,https://samsungparts.com/products/db95-01989a,<p>Samsung DB95-01989A Assembly Themistor-Air/Dis</p>,subcate:Air Conditioner;types:Sensor/ Thermistor/ Thermostat;webcat:Sensor/Thermistor/Thermostat,Air Conditioner
Samsung DB64-00127A Grille-Air Inlet,DB64-00127A,89.95,https://samsungparts.com/products/db64-00127a,"<p>This Original Part Replacement from Samsung is designed to provide reliable performance for years to come. Its durable construction ensures a perfect fit for your appliance and is made with top quality materials for an unparalleled Genuine Part experience. Forget about the hassle of searching for a compatible part as this Replacement Part from Samsung will get the job done without compromising on quality or functionality. It's an essential replacement part that will keep your appliances running smoothly, without the need of investing in a costly upgrade. Get trusted quality you can rely on with this Original Samsung GRILLE-AIR INLET DB64-00127A!</p>",subcate:Air Conditioner;types:AIR FILTER;webcat:AIR FILTER,Air Conditioner
Samsung DB93-14286A Assembly Connector Wire-Comm,DB93-14286A,110.95,https://samsungparts.com/products/db93-14286a,<p>Samsung DB93-14286A Assembly Connector Wire-Comm</p>,subcate:Air Conditioner;types:CONNECTOR;webcat:CONNECTOR,Air Conditioner
Samsung DB93-40888A Assembly Control Out,DB93-40888A,76.95,https://samsungparts.com/products/db93-40888a,<p>Samsung DB93-40888A Assembly Control Out</p>,Not_allowed_to_purchase;subcate:Air Conditioner;types:Control;webcat:Control,Air Conditioner
Samsung DB63-01423A Filter-Pre Mini,DB63-01423A,84.95,https://samsungparts.com/products/db63-01423a,<p>Samsung DB63-01423A Filter-Pre Mini</p>,subcate:Air Conditioner;types:Filter;webcat:Filter,Air Conditioner
Samsung DB93-15882L Assembly Wireless Remote Contr,DB93-15882L,86.95,https://samsungparts.com/products/db93-15882l,<p>Samsung DB93-15882L Assembly Wireless Remote Contr</p>,NLA;Not_allowed_to_purchase;subcate:Air Conditioner;types:Remote Control;webcat:Remote Control,Air Conditioner
Samsung DB62-04067C Valve Coil Expan,DB62-04067C,116.95,https://samsungparts.com/products/db62-04067c,<p>Samsung DB62-04067C Valve Coil Expan</p>,subcate:Air Conditioner;types:VALVE;webcat:VALVE,Air Conditioner
Samsung DB92-02906B Cover Assembly Panel,DB92-02906B,85.95,https://samsungparts.com/products/db92-02906b,"<p>This Samsung DB92-02906B Assembly-Cover Panel has been engineered to provide a durable and reliable replacement solution. With its genuine replacement parts and original design, this product ensures that you get the same level of performance you're used to from your Samsung device. Its high-quality construction means it will last longer while delivering the same great experience you've come to expect. All that without having to worry about a dull, outdated or overpriced product.</p>",gmc;havingImg;subcate:Air Conditioner;types:COVER;webcat:COVER,Air Conditioner
Samsung DB93-13561A Assembly Pcb Sub-Solusion,DB93-13561A,62.95,https://samsungparts.com/products/db93-13561a,<p>Samsung DB93-13561A Assembly Pcb Sub-Solusion</p>,subcate:Air Conditioner;types:Parts & Accessories;webcat:Parts & Accessories,Air Conditioner
Samsung DB63-03686A Filter Air-Pre,DB63-03686A,78.95,https://samsungparts.com/products/db63-03686a,<p>Samsung DB63-03686A Filter Air-Pre</p>,subcate:Air Conditioner;types:FILTER;webcat:FILTER,Air Conditioner
Samsung DB93-17172A Assembly Connector Wire-Dc Sig,DB93-17172A,93.95,https://samsungparts.com/products/db93-17172a,<p>Samsung DB93-17172A Assembly Connector Wire-Dc Sig</p>,subcate:Air Conditioner;types:CONNECTOR;webcat:CONNECTOR,Air Conditioner
Samsung DB32-00227A Sensor Temp,DB32-00227A,126.95,https://samsungparts.com/products/db32-00227a,<p>Samsung DB32-00227A Sensor Temp</p>,subcate:Air Conditioner;types:SENSOR;webcat:SENSOR,Air Conditioner
Samsung DB41-00378A Pcb Main,DB41-00378A,66.95,https://samsungparts.com/products/db41-00378a,<p>Samsung DB41-00378A Pcb Main</p>,NLA;Not_allowed_to_purchase;subcate:Air Conditioner;types:Circuit Board;webcat:Circuit Board,Air Conditioner
Samsung DB95-05011D Assembly Thermistor In,DB95-05011D,58.95,https://samsungparts.com/products/db95-05011d,<p>Samsung DB95-05011D Assembly Thermistor In</p>,subcate:Air Conditioner;types:Sensor/ Thermistor/ Thermostat;webcat:Sensor/Thermistor/Thermostat,Air Conditioner
Samsung DB82-02307A Eeprom Out Assembly,DB82-02307A,91.95,https://samsungparts.com/products/db82-02307a,Samsung DB82-02307A Eeprom Out Assembly,subcate:Air Conditioner;types:Parts & Accessories;webcat:Parts & Accessories,Air Conditioner
Samsung DB67-00014A Room Air Conditioner Condenser Fan Blade,DB67-00014A,50.95,https://samsungparts.com/products/db67-00014a,<p>Samsung DB67-00014A Fan-Propeller</p>,gmc;havingImg;subcate:Air Conditioner;types:FAN;webcat:FAN,Air Conditioner
Samsung DB95-04637D Assembly Thermistor,DB95-04637D,54.95,https://samsungparts.com/products/db95-04637d,<p>Samsung DB95-04637D Assembly Thermistor</p>,subcate:Air Conditioner;types:Sensor/ Thermistor/ Thermostat;webcat:Sensor/Thermistor/Thermostat,Air Conditioner
Samsung DB92-02890A Assembly Blade H,DB92-02890A,75.95,https://samsungparts.com/products/db92-02890a,<p>ASSEMBLY BLADE H</p>,subcate:Air Conditioner;types:Blade;webcat:Blade,Air Conditioner
Samsung DB81-03624A Filter Pre,DB81-03624A,44.95,https://samsungparts.com/products/db81-03624a,<p>Samsung DB81-03624A Filter Pre</p>,subcate:Air Conditioner;types:FILTER;webcat:FILTER,Air Conditioner
Samsung DB90-07834A Assembly Bracket Motor,DB90-07834A,69.95,https://samsungparts.com/products/db90-07834a,<p>Samsung DB90-07834A Assembly Bracket Motor</p>,subcate:Air Conditioner;webcat:Bracket,Air Conditioner
Samsung DB95-00147X Assembly Comp-Pwm,DB95-00147X,1878.95,https://samsungparts.com/products/db95-00147x,<p>Samsung DB95-00147X Assembly Comp-Pwm</p>,subcate:Air Conditioner;types:Compressor - Sealed System;webcat:Compressor - Sealed System,Air Conditioner
Samsung DB81-04294A Fan Motor,DB81-04294A,492.95,https://samsungparts.com/products/db81-04294a,<p>Samsung DB81-04294A Fan Motor</p>,subcate:Air Conditioner;types:FAN;webcat:FAN,Air Conditioner
Samsung DB95-10057F Assembly Comp-Scroll,DB95-10057F,483.95,https://samsungparts.com/products/db95-10057f,<p>Samsung DB95-10057F Assembly Comp-Scroll</p>,subcate:Air Conditioner;types:Compressor - Sealed System;webcat:Compressor - Sealed System,Air Conditioner
Samsung G5T450FUAEX-SS Compressor,G5T450FUAEX-SS,749.95,https://samsungparts.com/products/g5t450fuaex-ss,"<p>Introducing the Samsung G5T450FUAEX-SS Compressor: the perfect solution for your cooling needs. This product is a reliable, durable and powerful refrigeration compressor with innovative features to ensure efficient operation in all climates. It is made with high quality materials and components to meet ISO standards, providing even temperature throughout your refrigeration system. Its energy efficiency will help you save money on your electricity bills while getting the best performance possible. Plus, this compressor is backed by an Original Part warranty from Samsung so you can rest assured that your purchase is covered. Shop now for an unbeatable combination of quality and value!</p>",categ:Heating & Cooling;gmc;havingImg;subcate:Air Conditioner;webcat:Compressor,Air Conditioner
Samsung DB93-11113B Main Pcb Assembly-Inverter,DB93-11113B,445.95,https://samsungparts.com/products/db93-11113b,<p>Samsung DB93-11113B Main Pcb Assembly-Inverter</p>,subcate:Air Conditioner;types:MAIN PCB;webcat:MAIN PCB,Air Conditioner
Samsung DB96-11477B Assembly Evap,DB96-11477B,395.95,https://samsungparts.com/products/db96-11477b,<p>Samsung DB96-11477B Assembly Evap</p>,gmc;subcate:Air Conditioner;types:Evaporator;webcat:Evaporator,Air Conditioner
Samsung DB81-04294B Fan Motor,DB81-04294B,492.95,https://samsungparts.com/products/db81-04294b,<p>Samsung DB81-04294B Fan Motor</p>,subcate:Air Conditioner;types:FAN;webcat:FAN,Air Conditioner
"Samsung DB95-05762A Assembly Comp;Ktn130D42Ufr,R32",DB95-05762A,395.95,https://samsungparts.com/products/db95-05762a,"<p>Samsung DB95-05762A Assembly Comp;Ktn130D42Ufr,R32</p>",subcate:Air Conditioner;types:Parts & Accessories;webcat:Parts & Accessories,Air Conditioner
Samsung DB93-05841B Assembly Control Out,DB93-05841B,617.95,https://samsungparts.com/products/db93-05841b,<p>ASSEMBLY CONTROL OUT</p>,subcate:Air Conditioner;types:CONTROL;webcat:CONTROL,Air Conditioner
Samsung DB93-03454M Main Pcb Assembly-Inverter,DB93-03454M,343.95,https://samsungparts.com/products/db93-03454m,"Samsung Main Pcb Assembly-Inverter This Part is for samsung and Fits With Various Samsung Brand Models. Please unplug the power source before installing this part. Wear work gloves to protect your hands.<ul style=""margin:15px 0;"">
<li>This is an O.E.M. Authorized Part</li>
<li>Highest performance with superior quality</li>
<li>Fits With Various Samsung Brand Models</li>
<li>OEM Part: DB93-03454M</li>
<li>Brand Name: Samsung</li>
</ul>",gmc;havingImg;subcate:Air Conditioner;types:MAIN PCB;webcat:MAIN PCB,Air Conditioner
Samsung DB92-03356C Main Pcb Assembly,DB92-03356C,429.95,https://samsungparts.com/products/db92-03356c,<p>MAIN PCB ASSEMBLY</p>,subcate:Air Conditioner;types:PCB;webcat:PCB,Air Conditioner
Samsung DB93-03545G Main Pcb Assembly-Out,DB93-03545G,322.95,https://samsungparts.com/products/db93-03545g,<p>MAIN PCB ASSEMBLY-OUT</p>,subcate:Air Conditioner;types:MAIN PCB;webcat:MAIN PCB,Air Conditioner
Samsung DB92-03687A Pcb Assembly Inverter,DB92-03687A,481.95,https://samsungparts.com/products/db92-03687a,<p>PCB ASSEMBLY INVERTER</p>,gmc;havingImg;subcate:Air Conditioner;types:PCB;webcat:PCB,Air Conditioner
Samsung DB96-06587D Assembly Evap,DB96-06587D,358.95,https://samsungparts.com/products/db96-06587d,<p>Samsung DB96-06587D Assembly Evap</p>,gmc;subcate:Air Conditioner;types:Evaporator;webcat:Evaporator,Air Conditioner
Samsung DB96-18999N Assembly Evap-Unit,DB96-18999N,378.95,https://samsungparts.com/products/db96-18999n,<p>Samsung DB96-18999N Assembly Evap-Unit</p>,NLA;Not_allowed_to_purchase;subcate:Air Conditioner;types:Evaporator;webcat:Evaporator,Air Conditioner
Samsung DB96-19014C Evaperater Asseembly Total Uni,DB96-19014C,330.95,https://samsungparts.com/products/db96-19014c,<p>Samsung DB96-19014C Evaperater Asseembly Total Uni</p>,subcate:Air Conditioner;types:Evaporator;webcat:Evaporator,Air Conditioner
"Samsung 39B080HSBEA Rcp, Comp, Cpr, R22",39B080HSBEA,281.95,https://samsungparts.com/products/39b080hsbea,"<p>Samsung 39B080HSBEA Rcp, Comp, Cpr, R22</p>",subcate:Air Conditioner;webcat:,Air Conditioner
Samsung DB31-00661B Motor Bldc Fan,DB31-00661B,399.95,https://samsungparts.com/products/db31-00661b,<p>Samsung DB31-00661B Motor Bldc Fan</p>,subcate:Air Conditioner;types:FAN;webcat:FAN,Air Conditioner
Samsung DB31-00321D Motor Fan,DB31-00321D,296.95,https://samsungparts.com/products/db31-00321d,<p>Samsung DB31-00321D Motor Fan</p>,subcate:Air Conditioner;types:MOTOR FAN;webcat:MOTOR FAN,Air Conditioner
Samsung DB31-00675G Motor Bldc Fan,DB31-00675G,354.95,https://samsungparts.com/products/db31-00675g,<p>Samsung DB31-00675G Motor Bldc Fan</p>,subcate:Air Conditioner;types:Parts & Accessories;webcat:Parts & Accessories,Air Conditioner
Samsung DB93-10952B Main Pcb Assembly-Out,DB93-10952B,262.95,https://samsungparts.com/products/db93-10952b,<p>Samsung DB93-10952B Main Pcb Assembly-Out</p>,subcate:Air Conditioner;types:MAIN PCB;webcat:MAIN PCB,Air Conditioner
Samsung DB31-00332C Motor Fan,DB31-00332C,356.95,https://samsungparts.com/products/db31-00332c,<p>Samsung DB31-00332C Motor Fan</p>,subcate:Air Conditioner;types:MOTOR FAN;webcat:MOTOR FAN,Air Conditioner
Samsung DB31-00675A Motor Bldc Fan,DB31-00675A,297.95,https://samsungparts.com/products/db31-00675a,<p>Samsung DB31-00675A Motor Bldc Fan</p>,gmc;subcate:Air Conditioner;types:FAN;webcat:FAN,Air Conditioner
Samsung DB96-09768A Evaperater Asseembly Unit,DB96-09768A,328.95,https://samsungparts.com/products/db96-09768a,<p>Samsung DB96-09768A Evaperater Asseembly Unit</p>,subcate:Air Conditioner;types:Evaporator;webcat:Evaporator,Air Conditioner
Samsung DB96-17553B Assy Evap,DB96-17553B,345.95,https://samsungparts.com/products/db96-17553b,<p>Samsung DB96-17553B Assy Evap</p>,subcate:Air Conditioner;types:Parts & Accessories;webcat:Parts & Accessories,Air Conditioner
Samsung DB93-05834C Main Pcb Assembly-Inverter,DB93-05834C,222.95,https://samsungparts.com/products/db93-05834c,<p>MAIN PCB ASSEMBLY-INVERTER</p>,subcate:Air Conditioner;types:MAIN PCB;webcat:MAIN PCB,Air Conditioner
Samsung DB95-20137L Assembly Motor-Out,DB95-20137L,236.95,https://samsungparts.com/products/db95-20137l,<p>Samsung DB95-20137L Assembly Motor-Out</p>,subcate:Air Conditioner;types:Motor/Ice Maker Motor;webcat:Motor/Ice Maker Motor,Air Conditioner
Samsung DB93-04102D Main Pcb Assembly-In,DB93-04102D,276.95,https://samsungparts.com/products/db93-04102d,<p>MAIN PCB ASSEMBLY-IN</p>,subcate:Air Conditioner;types:MAIN PCB;webcat:MAIN PCB,Air Conditioner
Samsung DB31-00675B Motor Bldc Fan,DB31-00675B,281.95,https://samsungparts.com/products/db31-00675b,<p>Samsung DB31-00675B Motor Bldc Fan</p>,subcate:Air Conditioner;types:FAN;webcat:FAN,Air Conditioner
Samsung DB93-09456G Main Pcb Assembly-In,DB93-09456G,245.95,https://samsungparts.com/products/db93-09456g,<p>Samsung DB93-09456G Main Pcb Assembly-In</p>,gmc;havingImg;NLA;Not_allowed_to_purchase;subcate:Air Conditioner;types:MAIN PCB;webcat:MAIN PCB,Air Conditioner
Samsung DB93-08245F Main Pcb Assembly,DB93-08245F,318.95,https://samsungparts.com/products/db93-08245f,<p>MAIN PCB ASSEMBLY</p>,gmc;subcate:Air Conditioner;types:MAIN PCB;webcat:MAIN PCB,Air Conditioner
Samsung DB94-04236B Assembly Drain-Pump,DB94-04236B,241.95,https://samsungparts.com/products/db94-04236b,"<p>Ensure your washing machine stays in tip-top condition with this genuine replacement Samsung DB94-04236B Assembly Drain-Pump. This original piece is designed for superior durability and superior performance, perfect for a machine that won't settle for anything less. Make your home appliances work their best with the quality of Samsung Parts.</p>",subcate:Air Conditioner;types:Pump;webcat:Pump,Air Conditioner
"Samsung DB92-03335C Assembly Kit;Outdoor,Am9000H,E",DB92-03335C,240.95,https://samsungparts.com/products/db92-03335c,"<p>ASSEMBLY KIT;OUTDOOR,AM9000H,E</p>",subcate:Air Conditioner;types:Door/Remote Control Door;webcat:Door/Remote Control Door,Air Conditioner
Samsung DB96-03060G Assembly Evap,DB96-03060G,228.95,https://samsungparts.com/products/db96-03060g,<p>Samsung DB96-03060G Assembly Evap</p>,subcate:Air Conditioner;types:Evaporator;webcat:Evaporator,Air Conditioner
Samsung DB93-09987C Main Pcb Assembly-Out,DB93-09987C,233.95,https://samsungparts.com/products/db93-09987c,<p>Samsung DB93-09987C Main Pcb Assembly-Out</p>,subcate:Air Conditioner;types:MAIN PCB;webcat:MAIN PCB,Air Conditioner
Samsung DB92-03335B Assembly Kit,DB92-03335B,280.95,https://samsungparts.com/products/db92-03335b,<p>ASSEMBLY KIT</p>,subcate:Air Conditioner;types:Parts & Accessories;webcat:Parts & Accessories,Air Conditioner
Samsung DB93-12326E Main Pcb Assembly,DB93-12326E,278.95,https://samsungparts.com/products/db93-12326e,<p>Samsung DB93-12326E Main Pcb Assembly</p>,subcate:Air Conditioner;types:PCB;webcat:PCB,Air Conditioner
Samsung DB93-03454A Main Pcb Assembly-Inverter,DB93-03454A,245.95,https://samsungparts.com/products/db93-03454a,<p>MAIN PCB ASSEMBLY-INVERTER</p>,subcate:Air Conditioner;types:MAIN PCB;webcat:MAIN PCB,Air Conditioner
Samsung DB92-03321E Main Pcb Assembly,DB92-03321E,233.95,https://samsungparts.com/products/db92-03321e,<p>MAIN PCB ASSEMBLY</p>,gmc;havingImg;subcate:Air Conditioner;types:PCB;webcat:PCB,Air Conditioner
Samsung DB31-00671A Motor Bldc Fan,DB31-00671A,313.95,https://samsungparts.com/products/db31-00671a,<p>Samsung DB31-00671A Motor Bldc Fan</p>,gmc;havingImg;subcate:Air Conditioner;types:FAN;webcat:FAN,Air Conditioner
"Samsung 48A135IV1EG Rcp, 48, 208-230, R22",48A135IV1EG,300.95,https://samsungparts.com/products/48a135iv1eg,"<p>Samsung 48A135IV1EG Rcp, 48, 208-230, R22</p>",Not_allowed_to_purchase;subcate:Air Conditioner;webcat:,Air Conditioner
Samsung DB90-06115C Assembly Case-Pcb,DB90-06115C,261.95,https://samsungparts.com/products/db90-06115c,<p>Samsung DB90-06115C Assembly Case-Pcb</p>,subcate:Air Conditioner;webcat:Case,Air Conditioner
Samsung DB31-00364C Motor Fan,DB31-00364C,254.95,https://samsungparts.com/products/db31-00364c,<p>Samsung DB31-00364C Motor Fan</p>,subcate:Air Conditioner;types:MOTOR FAN;webcat:MOTOR FAN,Air Conditioner
"Samsung DB92-04837E Assembly Module;Inverter,Qmd R",DB92-04837E,279.95,https://samsungparts.com/products/db92-04837e,"<p>ASSEMBLY MODULE;INVERTER,QMD R</p>",subcate:Air Conditioner;types:Module;webcat:Module,Air Conditioner
Samsung DB62-02085A Valve Expan-Elec,DB62-02085A,173.95,https://samsungparts.com/products/db62-02085a,<p>Samsung DB62-02085A Valve Expan-Elec</p>,subcate:Air Conditioner;types:VALVE;webcat:VALVE,Air Conditioner
Samsung DB92-02932A Main Pcb Assembly,DB92-02932A,244.95,https://samsungparts.com/products/db92-02932a,<p>MAIN PCB ASSEMBLY</p>,subcate:Air Conditioner;types:PCB;webcat:PCB,Air Conditioner
Samsung DB93-11266B Assembly Display-We10,DB93-11266B,197.95,https://samsungparts.com/products/db93-11266b,<p>Samsung DB93-11266B Assembly Display-We10</p>,subcate:Air Conditioner;types:Parts & Accessories;webcat:Parts & Accessories,Air Conditioner
Samsung DB93-16995A Assembly Display;Awr-Wg00N,DB93-16995A,178.95,https://samsungparts.com/products/db93-16995a,<p>Samsung DB93-16995A Assembly Display;Awr-Wg00N</p>,subcate:Air Conditioner;types:Parts & Accessories;webcat:Parts & Accessories,Air Conditioner
Samsung DB93-05132A Assembly Control In,DB93-05132A,176.95,https://samsungparts.com/products/db93-05132a,<p>ASSEMBLY CONTROL IN</p>,subcate:Air Conditioner;types:CONTROL;webcat:CONTROL,Air Conditioner
Samsung DB93-05877J Main Pcb Assembly-In,DB93-05877J,172.95,https://samsungparts.com/products/db93-05877j,<p>MAIN PCB ASSEMBLY-IN</p>,subcate:Air Conditioner;types:MAIN PCB;webcat:MAIN PCB,Air Conditioner
Samsung DB31-00589A Motor Fan,DB31-00589A,221.95,https://samsungparts.com/products/db31-00589a,<p>Samsung DB31-00589A Motor Fan</p>,subcate:Air Conditioner;types:MOTOR FAN;webcat:MOTOR FAN,Air Conditioner
Samsung DB93-08392A Pcb Assembly Sub-Emi,DB93-08392A,195.95,https://samsungparts.com/products/db93-08392a,<p>PCB ASSEMBLY SUB-EMI</p>,subcate:Air Conditioner;types:PCB;webcat:PCB,Air Conditioner
Samsung DB94-07195F Assembly Filter Dust,DB94-07195F,248.95,https://samsungparts.com/products/db94-07195f,<p>Samsung DB94-07195F Assembly Filter Dust</p>,gmc;subcate:Air Conditioner;types:Parts & Accessories;webcat:Parts & Accessories,Air Conditioner
Samsung DB31-10083A Motor-Fan Out,DB31-10083A,232.95,https://samsungparts.com/products/db31-10083a,<p>Samsung DB31-10083A Motor-Fan Out</p>,gmc;subcate:Air Conditioner;types:MOTOR FAN;webcat:MOTOR FAN,Air Conditioner
Samsung DB92-02783A Main Pcb Assembly,DB92-02783A,222.95,https://samsungparts.com/products/db92-02783a,<p>MAIN PCB ASSEMBLY</p>,subcate:Air Conditioner;types:PCB;webcat:PCB,Air Conditioner
Samsung DB90-05906E Assembly Cabi Front Rh,DB90-05906E,197.95,https://samsungparts.com/products/db90-05906e,<p>Samsung DB90-05906E Assembly Cabi Front Rh</p>,subcate:Air Conditioner;webcat:Cabinet,Air Conditioner
Samsung DB94-02961A Assembly Tray Drain,DB94-02961A,163.95,https://samsungparts.com/products/db94-02961a,<p>Samsung DB94-02961A Assembly Tray Drain</p>,subcate:Air Conditioner;types:TRAY;webcat:TRAY,Air Conditioner
Samsung DB93-12258A Assembly Control Out-Sub,DB93-12258A,184.95,https://samsungparts.com/products/db93-12258a,<p>Samsung DB93-12258A Assembly Control Out-Sub</p>,subcate:Air Conditioner;types:CONTROL;webcat:CONTROL,Air Conditioner
Samsung DB93-02514B Main Pcb Assembly-In,DB93-02514B,159.95,https://samsungparts.com/products/db93-02514b,<p>MAIN PCB ASSEMBLY-IN</p>,subcate:Air Conditioner;types:MAIN PCB;webcat:MAIN PCB,Air Conditioner
Samsung DB92-03105L Main Board In,DB92-03105L,197.95,https://samsungparts.com/products/db92-03105l,<p>Main Board In</p>,subcate:Air Conditioner;types:PCB;webcat:PCB,Air Conditioner
Samsung DB31-00056D Motor Fan,DB31-00056D,162.95,https://samsungparts.com/products/db31-00056d,<p>Samsung DB31-00056D Motor Fan</p>,subcate:Air Conditioner;types:MOTOR FAN;webcat:MOTOR FAN,Air Conditioner
Samsung DB92-02787B Main Pcb Assembly,DB92-02787B,249.95,https://samsungparts.com/products/db92-02787b,<p>MAIN PCB ASSEMBLY</p>,subcate:Air Conditioner;types:PCB;webcat:PCB,Air Conditioner
Samsung DB96-18995B Assembly Evap Main,DB96-18995B,154.95,https://samsungparts.com/products/db96-18995b,<p>Samsung DB96-18995B Assembly Evap Main</p>,subcate:Air Conditioner;types:Evaporator;webcat:Evaporator,Air Conditioner
Samsung DB92-03931A Main Pcb Assembly,DB92-03931A,229.95,https://samsungparts.com/products/db92-03931a,<p>MAIN PCB ASSEMBLY</p>,subcate:Air Conditioner;types:PCB;webcat:PCB,Air Conditioner
Samsung DB31-00001A Motor-Fan Out,DB31-00001A,154.95,https://samsungparts.com/products/db31-00001a,<p>Samsung DB31-00001A Motor-Fan Out</p>,Not_allowed_to_purchase;subcate:Air Conditioner;types:MOTOR FAN;webcat:MOTOR FAN,Air Conditioner
Samsung DB62-09632A Valve Solenoid,DB62-09632A,221.95,https://samsungparts.com/products/db62-09632a,<p>Samsung DB62-09632A Valve Solenoid</p>,subcate:Air Conditioner;types:VALVE;webcat:VALVE,Air Conditioner
Samsung DB31-00446B Motor Fan,DB31-00446B,187.95,https://samsungparts.com/products/db31-00446b,<p>Samsung DB31-00446B Motor Fan</p>,subcate:Air Conditioner;types:MOTOR FAN;webcat:MOTOR FAN,Air Conditioner
Samsung DB31-00649G Pump Drain,DB31-00649G,165.95,https://samsungparts.com/products/db31-00649g,<p>Samsung DB31-00649G Pump Drain</p>,subcate:Air Conditioner;types:Pump;webcat:Pump,Air Conditioner
Samsung DB94-02668B Assembly Drain-Pump,DB94-02668B,141.95,https://samsungparts.com/products/db94-02668b,<p>Samsung DB94-02668B Assembly Drain-Pump</p>,subcate:Air Conditioner;types:Pump;webcat:Pump,Air Conditioner
Samsung 3601-001339 Fuse-Cartridge,3601-001339,6.95,https://samsungparts.com/products/3601-001339,<p>Samsung 3601-001339 Fuse</p>,categ:Heating & Cooling;gmc;havingImg;subcate:Air Conditioner;webcat:Cartridge,Air Conditioner
